Title, Company, Location, Salary, URL
Smart Contract Security Engineer, Binance, ğŸ‡¸ğŸ‡¬ Singapore,ğŸ’° $90k - $153k*, https://remoteok.com/remote-jobs/remote-smart-contract-security-engineer-binance-810200
Risk Analyst, Bitfinex, ğŸ‡»ğŸ‡ª Venezuela,ğŸ’° $60k - $100k*, https://remoteok.com/remote-jobs/remote-risk-analyst-bitfinex-808693
Software Engineer, Mitek Systems, ğŸ‡ªğŸ‡¸ Spain,ğŸ’° $60k - $100k*, https://remoteok.com/remote-jobs/remote-software-engineer-mitek-systems-807761
Senior Software Engineer Backend Product Mint.Fun, Zora, Worldwide,ğŸ’° $60k - $108k*, https://remoteok.com/remote-jobs/remote-senior-software-engineer-backend-product-mint-fun-zora-807254
Lead Software Engineer, Instnt, ğŸ‡ºğŸ‡¸ United States,ğŸ’° $60k - $100k*, https://remoteok.com/remote-jobs/remote-lead-software-engineer-instnt-806428
Senior DevOps Engineer, Status SNT, Remote (Worldwide),ğŸ’° $60k - $110k*, https://remoteok.com/remote-jobs/remote-senior-devops-engineer-status-snt-805759
SDET Mobile, Life360, ğŸ‡¨ğŸ‡¦ Canada,ğŸ’° $50k - $100k*, https://remoteok.com/remote-jobs/remote-sdet-mobile-life360-803148
AI Engineer, ThreeFlow, ğŸ‡ºğŸ‡¸ United States,ğŸ’° $60k - $110k*, https://remoteok.com/remote-jobs/remote-ai-engineer-threeflow-802417
Senior React & React Native Developer, Lemon.io, No information,ğŸ’° $60k - $100k, https://remoteok.com/remote-jobs/remote-senior-react-react-native-developer-lemon-io-801799
Research Engineer, Waabi, ğŸ‡¨ğŸ‡¦ Canada,ğŸ’° $60k - $110k*, https://remoteok.com/remote-jobs/remote-research-engineer-waabi-801740
Lead Data Engineer, Wizard, ğŸ‡ºğŸ‡¸ United States,ğŸ’° $65k - $125k*, https://remoteok.com/remote-jobs/remote-lead-data-engineer-wizard-800853
BulletFarm Technical Artist, Bullet Farm, ğŸ‡ºğŸ‡¸ United States,ğŸ’° $60k - $100k*, https://remoteok.com/remote-jobs/remote-bulletfarm-technical-artist-bullet-farm-800787
Developer Relations Engineer, Syntropy, Worldwide,ğŸ’° $60k - $105k*, https://remoteok.com/remote-jobs/remote-developer-relations-engineer-syntropy-801382
Data Engineer III, Cars Commerce, ğŸ‡ºğŸ‡¸ United States,ğŸ’° $63k - $108k*, https://remoteok.com/remote-jobs/remote-data-engineer-iii-cars-commerce-800527
Senior QA Engineer, Collectly, ğŸ‡ºğŸ‡¸ United States,ğŸ’° $60k - $110k*, https://remoteok.com/remote-jobs/remote-senior-qa-engineer-collectly-799788
Research Analyst, Nansen, EMEA / APAC, Remote,ğŸ’° $90k - $125k*, https://remoteok.com/remote-jobs/remote-research-analyst-nansen-799868
Cyber Defense Analyst, Agile Defense, ğŸ‡ºğŸ‡¸ United States,ğŸ’° $63k - $113k*, https://remoteok.com/remote-jobs/remote-cyber-defense-analyst-agile-defense-798687
Site Reliability Engineer, FreshBooks, ğŸ‡²ğŸ‡½ Mexico,ğŸ’° $60k - $105k*, https://remoteok.com/remote-jobs/remote-site-reliability-engineer-freshbooks-798308
Intern Software Engineer, AiDash, ğŸ‡®ğŸ‡³ India,ğŸ’° $60k - $100k*, https://remoteok.com/remote-jobs/remote-intern-software-engineer-aidash-797240
Senior Staff Software Engineer Backend Python, Close, ğŸ‡ºğŸ‡¸ United States,ğŸ’° $140k - $200k, https://remoteok.com/remote-jobs/remote-senior-staff-software-engineer-backend-python-close-662302
Smart Contract Security Engineer, Binance, ğŸ‡¸ğŸ‡¬ Singapore,ğŸ’° $90k - $153k*, https://remoteok.com/remote-jobs/remote-smart-contract-security-engineer-binance-810200
Risk Analyst, Bitfinex, ğŸ‡»ğŸ‡ª Venezuela,ğŸ’° $60k - $100k*, https://remoteok.com/remote-jobs/remote-risk-analyst-bitfinex-808693
Software Engineer, Mitek Systems, ğŸ‡ªğŸ‡¸ Spain,ğŸ’° $60k - $100k*, https://remoteok.com/remote-jobs/remote-software-engineer-mitek-systems-807761
Senior Software Engineer Backend Product Mint.Fun, Zora, Worldwide,ğŸ’° $60k - $108k*, https://remoteok.com/remote-jobs/remote-senior-software-engineer-backend-product-mint-fun-zora-807254
Lead Software Engineer, Instnt, ğŸ‡ºğŸ‡¸ United States,ğŸ’° $60k - $100k*, https://remoteok.com/remote-jobs/remote-lead-software-engineer-instnt-806428
Senior DevOps Engineer, Status SNT, Remote (Worldwide),ğŸ’° $60k - $110k*, https://remoteok.com/remote-jobs/remote-senior-devops-engineer-status-snt-805759
SDET Mobile, Life360, ğŸ‡¨ğŸ‡¦ Canada,ğŸ’° $50k - $100k*, https://remoteok.com/remote-jobs/remote-sdet-mobile-life360-803148
AI Engineer, ThreeFlow, ğŸ‡ºğŸ‡¸ United States,ğŸ’° $60k - $110k*, https://remoteok.com/remote-jobs/remote-ai-engineer-threeflow-802417
Senior React & React Native Developer, Lemon.io, No information,ğŸ’° $60k - $100k, https://remoteok.com/remote-jobs/remote-senior-react-react-native-developer-lemon-io-801799
Research Engineer, Waabi, ğŸ‡¨ğŸ‡¦ Canada,ğŸ’° $60k - $110k*, https://remoteok.com/remote-jobs/remote-research-engineer-waabi-801740
Lead Data Engineer, Wizard, ğŸ‡ºğŸ‡¸ United States,ğŸ’° $65k - $125k*, https://remoteok.com/remote-jobs/remote-lead-data-engineer-wizard-800853
BulletFarm Technical Artist, Bullet Farm, ğŸ‡ºğŸ‡¸ United States,ğŸ’° $60k - $100k*, https://remoteok.com/remote-jobs/remote-bulletfarm-technical-artist-bullet-farm-800787
Developer Relations Engineer, Syntropy, Worldwide,ğŸ’° $60k - $105k*, https://remoteok.com/remote-jobs/remote-developer-relations-engineer-syntropy-801382
Data Engineer III, Cars Commerce, ğŸ‡ºğŸ‡¸ United States,ğŸ’° $63k - $108k*, https://remoteok.com/remote-jobs/remote-data-engineer-iii-cars-commerce-800527
Senior QA Engineer, Collectly, ğŸ‡ºğŸ‡¸ United States,ğŸ’° $60k - $110k*, https://remoteok.com/remote-jobs/remote-senior-qa-engineer-collectly-799788
Research Analyst, Nansen, EMEA / APAC, Remote,ğŸ’° $90k - $125k*, https://remoteok.com/remote-jobs/remote-research-analyst-nansen-799868
Cyber Defense Analyst, Agile Defense, ğŸ‡ºğŸ‡¸ United States,ğŸ’° $63k - $113k*, https://remoteok.com/remote-jobs/remote-cyber-defense-analyst-agile-defense-798687
Site Reliability Engineer, FreshBooks, ğŸ‡²ğŸ‡½ Mexico,ğŸ’° $60k - $105k*, https://remoteok.com/remote-jobs/remote-site-reliability-engineer-freshbooks-798308
Intern Software Engineer, AiDash, ğŸ‡®ğŸ‡³ India,ğŸ’° $60k - $100k*, https://remoteok.com/remote-jobs/remote-intern-software-engineer-aidash-797240
Senior Staff Software Engineer Backend Python, Close, ğŸ‡ºğŸ‡¸ United States,ğŸ’° $140k - $200k, https://remoteok.com/remote-jobs/remote-senior-staff-software-engineer-backend-python-close-662302
